Departure,Departure station,Return station,Covered distance (m),Duration (sec.),latitude_depart,longitude_depart,latitude_retour,longitude_retour
2024-09-16 23:50:43,Louis Blanc,Jeu de Mail des Abbés,788.0,269,43.6147274,3.8782032,43.6197908,3.8839408
2024-09-16 23:48:14,Comédie,Comédie,132.0,195,43.60918635,3.8815040936105776,43.60918635,3.8815040936105776
2024-09-16 23:47:49,Voltaire,Louis Blanc,2336.0,643,43.6037049,3.8892253,43.6147274,3.8782032
2024-09-16 23:37:23,Voltaire,Observatoire,1070.0,285,43.6037049,3.8892253,43.61452665,3.871080728556718
2024-09-16 23:23:54,Halles Castellane,Antigone centre,1282.0,372,43.61012445,3.876843401959306,43.6079184,3.8905276
2024-09-16 23:22:06,Nombre d'Or,Richter,1294.0,359,43.6079002,3.8866534,43.6037969,3.8989223
2024-09-16 23:20:05,Père Soulas,Louis Blanc,2583.0,507,43.6219699,3.855618,43.6147274,3.8782032
2024-09-16 23:19:22,Nouveau Saint-Roch,Hôtel de Ville,2315.0,863,43.5998216,3.8757614,43.5985194,3.8966318917219365
2024-09-16 23:19:18,Observatoire,Port Marianne,2483.0,958,43.61452665,3.871080728556718,43.6059165,3.9168169
2024-09-16 23:17:19,Charles Flahault,Plan Cabanes,1231.0,466,43.6187686,3.8659891,43.6085792,3.8689834
2024-09-16 23:15:47,Charles Flahault,Plan Cabanes,1278.0,549,43.6187686,3.8659891,43.6085792,3.8689834
2024-09-16 23:10:12,Médiathèque Emile Zola,Les Aubes,2007.0,1017,43.6082468,3.8930561,43.6192157,3.8913335
2024-09-16 23:09:22,Médiathèque Emile Zola,Médiathèque Emile Zola,0.0,16,43.6082468,3.8930561,43.6082468,3.8930561
2024-09-16 23:08:08,Jardin de la Lironde,Hôtel de Ville,1727.0,417,43.6058517,3.9115715,43.5985194,3.8966318917219365
2024-09-16 23:07:52,Observatoire,Occitanie,4049.0,1328,43.61452665,3.871080728556718,43.634628,3.8484797
2024-09-16 23:07:49,Médiathèque Emile Zola,Les Aubes,2107.0,1159,43.6082468,3.8930561,43.6192157,3.8913335
2024-09-16 23:07:24,Jardin de la Lironde,Jardin de la Lironde,2.0,16,43.6058517,3.9115715,43.6058517,3.9115715
2024-09-16 23:06:26,Jardin de la Lironde,Aiguelongue,4627.0,1349,43.6058517,3.9115715,43.6331438,3.8795261
2024-09-16 23:05:06,Jardin de la Lironde,Jardin de la Lironde,0.0,18,43.6058517,3.9115715,43.6058517,3.9115715
2024-09-16 22:56:06,Jardin de la Lironde,Jardin de la Lironde,155.0,326,43.6058517,3.9115715,43.6058517,3.9115715
2024-09-16 22:52:27,Boutonnet,Comédie,2189.0,634,43.6198269,3.8681402,43.60918635,3.8815040936105776
2024-09-16 22:52:12,Albert 1er - Cathédrale,Hôtel de Ville,3642.0,991,43.6148246,3.873733,43.5985194,3.8966318917219365
2024-09-16 22:52:02,Albert 1er - Cathédrale,Hôtel de Ville,3647.0,1037,43.6148246,3.873733,43.5985194,3.8966318917219365
2024-09-16 22:50:44,Albert 1er - Cathédrale,Albert 1er - Cathédrale,11488.0,5318,43.6148246,3.873733,43.6148246,3.873733
2024-09-16 22:50:31,Albert 1er - Cathédrale,Albert 1er - Cathédrale,11727.0,5303,43.6148246,3.873733,43.6148246,3.873733
2024-09-16 22:37:46,Cité Mion,Observatoire,859.0,268,43.6013494,3.8847633,43.61452665,3.871080728556718
2024-09-16 22:34:30,Comédie,Plan Cabanes,1241.0,1003,43.60918635,3.8815040936105776,43.6085792,3.8689834
2024-09-16 22:31:45,Aiguelongue,Comédie,2366.0,735,43.6331438,3.8795261,43.60918635,3.8815040936105776
2024-09-16 22:31:43,Comédie,Nombre d'Or,816.0,218,43.60918635,3.8815040936105776,43.6079002,3.8866534
2024-09-16 22:29:57,Saint-Guilhem - Courreau,Cité Mion,1613.0,473,43.6089424,3.8727765,43.6013494,3.8847633
2024-09-16 22:19:46,Place Viala,Occitanie,3520.0,916,43.6168167,3.8550842,43.634628,3.8484797
2024-09-16 22:10:24,Faculté des sciences,Vert Bois,2015.0,715,43.632161999999994,3.864256104608797,43.6354897,3.8717792916498994
2024-09-16 22:09:47,Louis Blanc,Antigone centre,1570.0,519,43.6147274,3.8782032,43.6079184,3.8905276
2024-09-16 22:00:53,Jeu de Mail des Abbés,Louis Blanc,837.0,355,43.6197908,3.8839408,43.6147274,3.8782032
2024-09-16 21:58:37,Jeu de Mail des Abbés,Jeu de Mail des Abbés,0.0,17,43.6197908,3.8839408,43.6197908,3.8839408
2024-09-16 21:53:01,Place Albert 1er - St Charles,Comédie,2801.0,3157,43.6164766,3.8741187,43.60918635,3.8815040936105776
2024-09-16 21:52:24,Place Albert 1er - St Charles,Comédie,2977.0,3192,43.6164766,3.8741187,43.60918635,3.8815040936105776
2024-09-16 21:51:03,Boutonnet,Albert 1er - Cathédrale,1141.0,333,43.6198269,3.8681402,43.6148246,3.873733
2024-09-16 21:41:39,Charles Flahault,Halles Castellane,1306.0,411,43.6187686,3.8659891,43.61012445,3.876843401959306
2024-09-16 21:40:38,Charles Flahault,Charles Flahault,0.0,18,43.6187686,3.8659891,43.6187686,3.8659891
2024-09-16 21:38:23,Observatoire,Observatoire,0.0,17,43.61452665,3.871080728556718,43.61452665,3.871080728556718
2024-09-16 21:36:44,Louis Blanc,Les Arceaux,1094.0,613,43.6147274,3.8782032,43.6118401,3.8623604
2024-09-16 21:35:25,Louis Blanc,Louis Blanc,8.0,58,43.6147274,3.8782032,43.6147274,3.8782032
2024-09-16 21:35:22,Comedie Baudin,Médiathèque Emile Zola,1210.0,571,43.6086772,3.8812103,43.6082468,3.8930561
2024-09-16 21:34:53,Comedie Baudin,Médiathèque Emile Zola,1225.0,583,43.6086772,3.8812103,43.6082468,3.8930561
2024-09-16 21:34:05,Faculté des sciences,Plan Cabanes,3297.0,1209,43.632161999999994,3.864256104608797,43.6085792,3.8689834
2024-09-16 21:27:40,Saint-Guilhem - Courreau,Père Soulas,3040.0,83052,43.6089424,3.8727765,43.6219699,3.855618
2024-09-16 21:26:43,Faculté des sciences,Faculté des sciences,134.0,152,43.632161999999994,3.864256104608797,43.632161999999994,3.864256104608797
2024-09-16 21:20:03,Foch,Plan Cabanes,567.0,147,43.6109947,3.8733344,43.6085792,3.8689834
2024-09-16 21:01:41,Gare Saint-Roch,Renouvier,1176.0,384,43.6045522,3.8800373,43.60358,3.8678865
2024-09-16 20:53:47,Faculté des sciences,Marie Caizergues,1952.0,474,43.632161999999994,3.864256104608797,43.6212064,3.8753901
2024-09-16 20:46:00,Comedie Baudin,Gare Saint-Roch,14289.0,12381,43.6086772,3.8812103,43.6045522,3.8800373
2024-09-16 20:45:16,Hôtel de Ville,Hôtel de Ville,8.0,21,43.5985194,3.8966318917219365,43.5985194,3.8966318917219365
2024-09-16 20:44:59,Vert Bois,Place Albert 1er - St Charles,3220.0,868,43.6354897,3.8717792916498994,43.6164766,3.8741187
2024-09-16 20:38:16,Occitanie,Boutonnet,2338.0,779,43.634628,3.8484797,43.6198269,3.8681402
2024-09-16 20:37:07,Foch,Place Albert 1er - St Charles,8572.0,7785,43.6109947,3.8733344,43.6164766,3.8741187
2024-09-16 20:29:38,Observatoire,Richter,2399.0,502,43.61452665,3.871080728556718,43.6037969,3.8989223
2024-09-16 20:26:21,Plan Cabanes,Voltaire,3461.0,1225,43.6085792,3.8689834,43.6037049,3.8892253
2024-09-16 20:26:16,Renouvier,Halles Castellane,1764.0,1057,43.60358,3.8678865,43.61012445,3.876843401959306
2024-09-16 20:26:01,Plan Cabanes,Voltaire,3512.0,1250,43.6085792,3.8689834,43.6037049,3.8892253
2024-09-16 20:25:41,Renouvier,Halles Castellane,1913.0,1090,43.60358,3.8678865,43.61012445,3.876843401959306
2024-09-16 20:25:40,Jeu de Mail des Abbés,Antigone centre,2180.0,766,43.6197908,3.8839408,43.6079184,3.8905276
2024-09-16 20:25:34,Plan Cabanes,Plan Cabanes,0.0,17,43.6085792,3.8689834,43.6085792,3.8689834
2024-09-16 20:22:55,Louis Blanc,Voltaire,3538.0,627,43.6147274,3.8782032,43.6037049,3.8892253
2024-09-16 20:21:37,Observatoire,Place Viala,4196.0,1999,43.61452665,3.871080728556718,43.6168167,3.8550842
2024-09-16 20:19:30,Les Arceaux,Père Soulas,1629.0,461,43.6118401,3.8623604,43.6219699,3.855618
2024-09-16 20:09:17,Prés d'Arènes,Hôtel de Ville,1864.0,555,43.5936317,3.8877518,43.5985194,3.8966318917219365
2024-09-16 20:06:51,Richter,Observatoire,2309.0,764,43.6037969,3.8989223,43.61452665,3.871080728556718
2024-09-16 20:03:28,Tonnelles,Place Viala,1598.0,633,43.6138959,3.8382247999999874,43.6168167,3.8550842
2024-09-16 20:02:36,Tonnelles,Tonnelles,0.0,18,43.6138959,3.8382247999999874,43.6138959,3.8382247999999874
2024-09-16 20:02:03,Fac de Lettres,Médiathèque Emile Zola,3416.0,1099,43.6353331,3.8687709,43.6082468,3.8930561
2024-09-16 20:01:36,Antigone centre,Richter,1131.0,517,43.6079184,3.8905276,43.6037969,3.8989223
2024-09-16 20:00:39,Antigone centre,Richter,1145.0,582,43.6079184,3.8905276,43.6037969,3.8989223
2024-09-16 19:53:56,Emile Combes,Jeu de Mail des Abbés,4045.0,8570,43.6167422,3.8799722,43.6197908,3.8839408
2024-09-16 19:50:35,Fac de Lettres,Boutonnet,1615.0,538,43.6353331,3.8687709,43.6198269,3.8681402
2024-09-16 19:50:10,Plan Cabanes,Louis Blanc,1229.0,401,43.6085792,3.8689834,43.6147274,3.8782032
2024-09-16 19:49:39,Fac de Lettres,Fac de Lettres,0.0,17,43.6353331,3.8687709,43.6353331,3.8687709
2024-09-16 19:48:49,Fac de Lettres,Fac de Lettres,0.0,19,43.6353331,3.8687709,43.6353331,3.8687709
2024-09-16 19:48:13,Marie Caizergues,Marie Caizergues,5993.0,3767,43.6212064,3.8753901,43.6212064,3.8753901
2024-09-16 19:47:11,Place Albert 1er - St Charles,Marie Caizergues,759.0,488,43.6164766,3.8741187,43.6212064,3.8753901
2024-09-16 19:46:42,Place Albert 1er - St Charles,Marie Caizergues,759.0,489,43.6164766,3.8741187,43.6212064,3.8753901
2024-09-16 19:46:28,Hôtel du Département,Occitanie,2393.0,510,43.622820000000004,3.837632367928194,43.634628,3.8484797
2024-09-16 19:46:12,Place Albert 1er - St Charles,Marie Caizergues,759.0,521,43.6164766,3.8741187,43.6212064,3.8753901
2024-09-16 19:43:08,Vert Bois,Fac de Lettres,1049.0,283,43.6354897,3.8717792916498994,43.6353331,3.8687709
2024-09-16 19:42:37,Garcia Lorca,Renouvier,2770.0,763,43.5899503,3.8905217,43.60358,3.8678865
2024-09-16 19:40:34,Faculté des sciences,Emile Combes,3930.0,955,43.632161999999994,3.864256104608797,43.6167422,3.8799722
2024-09-16 19:38:46,Observatoire,Richter,2334.0,718,43.61452665,3.871080728556718,43.6037969,3.8989223
2024-09-16 19:36:58,Voltaire,Foch,1678.0,514,43.6037049,3.8892253,43.6109947,3.8733344
2024-09-16 19:33:44,Corum,Boutonnet,7763.0,9884,43.6144479,3.8821386,43.6198269,3.8681402
2024-09-16 19:31:23,Hôtel de Ville,Hôtel de Ville,7447.0,8779,43.5985194,3.8966318917219365,43.5985194,3.8966318917219365
2024-09-16 19:30:34,Hôtel de Ville,Hôtel de Ville,7414.0,8834,43.5985194,3.8966318917219365,43.5985194,3.8966318917219365
2024-09-16 19:30:33,Père Soulas,Place Viala,1045.0,350,43.6219699,3.855618,43.6168167,3.8550842
2024-09-16 19:29:54,Louis Blanc,Louis Blanc,0.0,17,43.6147274,3.8782032,43.6147274,3.8782032
2024-09-16 19:28:30,Boutonnet,Emile Combes,3318.0,1270,43.6198269,3.8681402,43.6167422,3.8799722
2024-09-16 19:27:31,Vert Bois,Emile Combes,4427.0,1143,43.6354897,3.8717792916498994,43.6167422,3.8799722
2024-09-16 19:26:10,Boutonnet,Voltaire,3295.0,1129,43.6198269,3.8681402,43.6037049,3.8892253
2024-09-16 19:25:34,Vert Bois,Boutonnet,1870.0,472,43.6354897,3.8717792916498994,43.6198269,3.8681402
2024-09-16 19:25:13,Vert Bois,Corum,4220.0,1204,43.6354897,3.8717792916498994,43.6144479,3.8821386
2024-09-16 19:25:11,Pérols Etang de l'Or,Pérols Etang de l'Or,5817.0,5077,43.55793215,3.9635798718239577,43.55793215,3.9635798718239577
2024-09-16 19:23:26,Pérols Etang de l'Or,Pérols Etang de l'Or,5880.0,5172,43.55793215,3.9635798718239577,43.55793215,3.9635798718239577
2024-09-16 19:20:51,Comédie,Comédie,412.0,433,43.60918635,3.8815040936105776,43.60918635,3.8815040936105776
2024-09-16 19:20:46,Marie Caizergues,Marie Caizergues,3140.0,2332,43.6212064,3.8753901,43.6212064,3.8753901
2024-09-16 19:19:14,Comédie,Cité Mion,1157.0,334,43.60918635,3.8815040936105776,43.6013494,3.8847633
2024-09-16 19:17:30,Comédie,Comédie,461.0,593,43.60918635,3.8815040936105776,43.60918635,3.8815040936105776
2024-09-16 19:16:22,Boutonnet,Corum,3704.0,1175,43.6198269,3.8681402,43.6144479,3.8821386
2024-09-16 19:12:53,Pérols Etang de l'Or,Pérols Etang de l'Or,4596.0,4795,43.55793215,3.9635798718239577,43.55793215,3.9635798718239577
2024-09-16 19:12:51,Occitanie,Louis Blanc,3267.0,986,43.634628,3.8484797,43.6147274,3.8782032
2024-09-16 19:12:00,Pérols Etang de l'Or,Pérols Etang de l'Or,0.0,19,43.55793215,3.9635798718239577,43.55793215,3.9635798718239577
2024-09-16 19:11:18,Comédie,Antigone centre,1637.0,790,43.60918635,3.8815040936105776,43.6079184,3.8905276
2024-09-16 19:10:11,Occitanie,Place Albert 1er - St Charles,3085.0,852,43.634628,3.8484797,43.6164766,3.8741187
2024-09-16 19:07:32,Emile Combes,Emile Combes,6.0,38,43.6167422,3.8799722,43.6167422,3.8799722
2024-09-16 19:06:33,Port Marianne,Port Marianne,5746.0,7555,43.6059165,3.9168169,43.6059165,3.9168169
2024-09-16 19:04:26,Vert Bois,Boutonnet,1939.0,500,43.6354897,3.8717792916498994,43.6198269,3.8681402
2024-09-16 19:00:40,Fac de Lettres,Faculté des sciences,1010.0,656,43.6353331,3.8687709,43.632161999999994,3.864256104608797
2024-09-16 18:58:50,Fac de Lettres,Faculté des sciences,931.0,753,43.6353331,3.8687709,43.632161999999994,3.864256104608797
2024-09-16 18:57:56,Fac de Lettres,Faculté des sciences,896.0,829,43.6353331,3.8687709,43.632161999999994,3.864256104608797
2024-09-16 18:57:33,Hôtel de Ville,Prés d'Arènes,1839.0,549,43.5985194,3.8966318917219365,43.5936317,3.8877518
2024-09-16 18:56:41,Fac de Lettres,Fac de Lettres,0.0,155,43.6353331,3.8687709,43.6353331,3.8687709
2024-09-16 18:55:10,Fac de Lettres,Fac de Lettres,0.0,45,43.6353331,3.8687709,43.6353331,3.8687709
2024-09-16 18:55:03,Fac de Lettres,Fac de Lettres,0.0,38,43.6353331,3.8687709,43.6353331,3.8687709
2024-09-16 18:53:21,Fac de Lettres,Fac de Lettres,0.0,18,43.6353331,3.8687709,43.6353331,3.8687709
2024-09-16 18:52:38,Boutonnet,Renouvier,2444.0,903,43.6198269,3.8681402,43.60358,3.8678865
2024-09-16 18:51:24,Place Viala,Place Albert 1er - St Charles,1719.0,630,43.6168167,3.8550842,43.6164766,3.8741187
2024-09-16 18:50:24,Vert Bois,Boutonnet,2272.0,478,43.6354897,3.8717792916498994,43.6198269,3.8681402
2024-09-16 18:49:34,Occitanie,Boutonnet,10581.0,3666,43.634628,3.8484797,43.6198269,3.8681402
2024-09-16 18:48:47,Jeu de Mail des Abbés,Jeu de Mail des Abbés,2967.0,5784,43.6197908,3.8839408,43.6197908,3.8839408
2024-09-16 18:44:47,Occitanie,Occitanie,0.0,39,43.634628,3.8484797,43.634628,3.8484797
2024-09-16 18:43:04,Boutonnet,Corum,1560.0,570,43.6198269,3.8681402,43.6144479,3.8821386
2024-09-16 18:43:00,Vert Bois,Observatoire,4708.0,1759,43.6354897,3.8717792916498994,43.61452665,3.871080728556718
2024-09-16 18:42:10,Boutonnet,Boutonnet,0.0,16,43.6198269,3.8681402,43.6198269,3.8681402
2024-09-16 18:42:03,Garcia Lorca,Saint-Guilhem - Courreau,2981.0,732,43.5899503,3.8905217,43.6089424,3.8727765
2024-09-16 18:41:45,Boutonnet,Corum,1564.0,667,43.6198269,3.8681402,43.6144479,3.8821386
2024-09-16 18:40:36,Les Aubes,Port Marianne,3524.0,11242,43.6192157,3.8913335,43.6059165,3.9168169
2024-09-16 18:40:14,Fac de Lettres,Gare Saint-Roch,3069.0,997,43.6353331,3.8687709,43.6045522,3.8800373
2024-09-16 18:39:33,Les Aubes,Les Aubes,0.0,19,43.6192157,3.8913335,43.6192157,3.8913335
2024-09-16 18:38:31,Gambetta,Gare Saint-Roch,2873.0,2631,43.6040006,3.8713632,43.6045522,3.8800373
2024-09-16 18:37:44,Les Arceaux,Observatoire,1268.0,452,43.6118401,3.8623604,43.61452665,3.871080728556718
2024-09-16 18:35:43,Garcia Lorca,Garcia Lorca,12.0,92,43.5899503,3.8905217,43.5899503,3.8905217
2024-09-16 18:35:30,Gambetta,Place Viala,5411.0,16089,43.6040006,3.8713632,43.6168167,3.8550842
2024-09-16 18:30:22,Occitanie,Nouveau Saint-Roch,6379.0,2526,43.634628,3.8484797,43.5998216,3.8757614
2024-09-16 18:27:55,Gare Saint-Roch,Gare Saint-Roch,2744.0,7589,43.6045522,3.8800373,43.6045522,3.8800373
2024-09-16 18:26:46,Louis Blanc,Antigone centre,1558.0,865,43.6147274,3.8782032,43.6079184,3.8905276
2024-09-16 18:26:31,Louis Blanc,Antigone centre,1545.0,881,43.6147274,3.8782032,43.6079184,3.8905276
2024-09-16 18:25:33,Occitanie,Hôtel du Département,2560.0,665,43.634628,3.8484797,43.622820000000004,3.837632367928194
2024-09-16 18:24:48,Occitanie,Occitanie,4.0,30,43.634628,3.8484797,43.634628,3.8484797
2024-09-16 18:24:20,Les Aubes,Les Aubes,4988.0,10843,43.6192157,3.8913335,43.6192157,3.8913335
2024-09-16 18:23:17,Place Viala,Tonnelles,4096.0,2298,43.6168167,3.8550842,43.6138959,3.8382247999999874
2024-09-16 18:22:58,Observatoire,Observatoire,8235.0,8736,43.61452665,3.871080728556718,43.61452665,3.871080728556718
2024-09-16 18:12:04,Boutonnet,Gare Saint-Roch,2828.0,629,43.6198269,3.8681402,43.6045522,3.8800373
2024-09-16 18:11:33,Albert 1er - Cathédrale,Père Soulas,1901.0,566,43.6148246,3.873733,43.6219699,3.855618
2024-09-16 18:11:03,Plan Cabanes,Corum,1613.0,560,43.6085792,3.8689834,43.6144479,3.8821386
2024-09-16 18:10:39,Albert 1er - Cathédrale,Place Viala,4565.0,5153,43.6148246,3.873733,43.6168167,3.8550842
2024-09-16 18:10:22,Place Viala,Comedie Baudin,2779.0,1152,43.6168167,3.8550842,43.6086772,3.8812103
2024-09-16 18:08:26,Place Viala,Plan Cabanes,1678.0,487,43.6168167,3.8550842,43.6085792,3.8689834
2024-09-16 18:07:39,Hôtel du Département,Hôtel du Département,2425.0,1425,43.622820000000004,3.837632367928194,43.622820000000004,3.837632367928194
2024-09-16 18:07:23,Corum,Louis Blanc,14867.0,7725,43.6144479,3.8821386,43.6147274,3.8782032
2024-09-16 18:06:36,Hôtel du Département,Hôtel du Département,0.0,17,43.622820000000004,3.837632367928194,43.622820000000004,3.837632367928194
2024-09-16 18:06:21,Charles Flahault,Charles Flahault,2570.0,2261,43.6187686,3.8659891,43.6187686,3.8659891
2024-09-16 18:04:50,Antigone centre,Place Albert 1er - St Charles,2019.0,690,43.6079184,3.8905276,43.6164766,3.8741187
2024-09-16 18:04:11,Les Aubes,Corum,1280.0,462,43.6192157,3.8913335,43.6144479,3.8821386
2024-09-16 18:04:09,Gare Saint-Roch,Jeu de Mail des Abbés,2015.0,748,43.6045522,3.8800373,43.6197908,3.8839408
2024-09-16 18:04:01,Boutonnet,Occitanie,7343.0,3861,43.6198269,3.8681402,43.634628,3.8484797
2024-09-16 18:03:09,Boutonnet,Boutonnet,0.0,23,43.6198269,3.8681402,43.6198269,3.8681402
2024-09-16 18:03:00,Louis Blanc,Corum,355.0,186,43.6147274,3.8782032,43.6144479,3.8821386
2024-09-16 18:01:48,Place Albert 1er - St Charles,Aiguelongue,2460.0,842,43.6164766,3.8741187,43.6331438,3.8795261
2024-09-16 18:01:37,Hôtel de Ville,Prés d'Arènes,9029.0,3140,43.5985194,3.8966318917219365,43.5936317,3.8877518
2024-09-16 18:00:47,Fac de Lettres,Marie Caizergues,945.0,218,43.6353331,3.8687709,43.6212064,3.8753901
2024-09-16 17:57:29,Occitanie,Foch,3234.0,665,43.634628,3.8484797,43.6109947,3.8733344
2024-09-16 17:57:28,Saint-Guilhem - Courreau,Boutonnet,1876.0,667,43.6089424,3.8727765,43.6198269,3.8681402
2024-09-16 17:53:45,Fac de Lettres,Fac de Lettres,1866.0,1637,43.6353331,3.8687709,43.6353331,3.8687709
2024-09-16 17:52:45,Fac de Lettres,Fac de Lettres,0.0,34,43.6353331,3.8687709,43.6353331,3.8687709
2024-09-16 17:52:12,Plan Cabanes,Gare Saint-Roch,1204.0,364,43.6085792,3.8689834,43.6045522,3.8800373
2024-09-16 17:51:32,Fac de Lettres,Faculté des sciences,3838.0,3736,43.6353331,3.8687709,43.632161999999994,3.864256104608797
2024-09-16 17:51:08,Boutonnet,Plan Cabanes,2527.0,852,43.6198269,3.8681402,43.6085792,3.8689834
2024-09-16 17:51:05,Foch,Prés d'Arènes,2822.0,686,43.6109947,3.8733344,43.5936317,3.8877518
2024-09-16 17:49:47,Voltaire,Voltaire,19650.0,8420,43.6037049,3.8892253,43.6037049,3.8892253
2024-09-16 17:49:43,Tonnelles,Plan Cabanes,2599.0,1025,43.6138959,3.8382247999999874,43.6085792,3.8689834
2024-09-16 17:49:40,Boutonnet,Boutonnet,0.0,16,43.6198269,3.8681402,43.6198269,3.8681402
2024-09-16 17:45:11,Jeu de Mail des Abbés,Beaux-Arts,4676.0,5776,43.6197908,3.8839408,43.6167043,3.8849862
2024-09-16 17:43:28,Emile Combes,Marie Caizergues,2991.0,2119,43.6167422,3.8799722,43.6212064,3.8753901
2024-09-16 17:42:06,Les Arceaux,Les Arceaux,5811.0,3192,43.6118401,3.8623604,43.6118401,3.8623604
2024-09-16 17:38:34,Fac de Lettres,Gare Saint-Roch,3502.0,1109,43.6353331,3.8687709,43.6045522,3.8800373
2024-09-16 17:38:01,Fac de Lettres,Les Arceaux,2025.0,657,43.6353331,3.8687709,43.6118401,3.8623604
2024-09-16 17:37:12,Place Viala,Gambetta,1796.0,432,43.6168167,3.8550842,43.6040006,3.8713632
2024-09-16 17:35:40,Place Albert 1er - St Charles,Corum,3602.0,2630,43.6164766,3.8741187,43.6144479,3.8821386
2024-09-16 17:35:10,Place Albert 1er - St Charles,Corum,3655.0,2656,43.6164766,3.8741187,43.6144479,3.8821386
2024-09-16 17:35:08,Place Albert 1er - St Charles,Place Albert 1er - St Charles,1858.0,3665,43.6164766,3.8741187,43.6164766,3.8741187
2024-09-16 17:33:59,Gare Saint-Roch,Cité Mion,8266.0,145844,43.6045522,3.8800373,43.6013494,3.8847633
2024-09-16 17:32:01,Fac de Lettres,Boutonnet,1078.0,349,43.6353331,3.8687709,43.6198269,3.8681402
2024-09-16 17:31:07,Fac de Lettres,Saint-Guilhem - Courreau,2930.0,1066,43.6353331,3.8687709,43.6089424,3.8727765
2024-09-16 17:30:11,Comédie,Plan Cabanes,949.0,329,43.60918635,3.8815040936105776,43.6085792,3.8689834
2024-09-16 17:29:37,Antigone centre,Corum,1300.0,449,43.6079184,3.8905276,43.6144479,3.8821386
2024-09-16 17:25:44,Vert Bois,Fac de Lettres,992.0,413,43.6354897,3.8717792916498994,43.6353331,3.8687709
2024-09-16 17:23:27,Rondelet,Albert 1er - Cathédrale,2958.0,1227,43.6027363,3.8749844,43.6148246,3.873733
2024-09-16 17:22:26,Nouveau Saint-Roch,Voltaire,2397.0,2097,43.5998216,3.8757614,43.6037049,3.8892253
2024-09-16 17:18:06,Place Viala,Jeu de Mail des Abbés,2764.0,934,43.6168167,3.8550842,43.6197908,3.8839408
2024-09-16 17:16:22,Jardin de la Lironde,Comédie,4214.0,1118,43.6058517,3.9115715,43.60918635,3.8815040936105776
2024-09-16 17:15:26,Médiathèque Emile Zola,Gambetta,2244.0,708,43.6082468,3.8930561,43.6040006,3.8713632
2024-09-16 17:11:29,Antigone centre,Gare Saint-Roch,1025.0,391,43.6079184,3.8905276,43.6045522,3.8800373
2024-09-16 17:07:43,Louis Blanc,Boutonnet,1754.0,459,43.6147274,3.8782032,43.6198269,3.8681402
2024-09-16 17:02:43,Port Marianne,Port Marianne,11600.0,6645,43.6059165,3.9168169,43.6059165,3.9168169
2024-09-16 16:56:50,Pérols Etang de l'Or,Comédie,24.0,52446,43.55793215,3.9635798718239577,43.60918635,3.8815040936105776
2024-09-16 16:56:37,Pérols Etang de l'Or,Comédie,28.0,52495,43.55793215,3.9635798718239577,43.60918635,3.8815040936105776
2024-09-16 16:55:24,Pérols Etang de l'Or,Comédie,28.0,52616,43.55793215,3.9635798718239577,43.60918635,3.8815040936105776
2024-09-16 16:55:12,Pérols Etang de l'Or,Comédie,26.0,52586,43.55793215,3.9635798718239577,43.60918635,3.8815040936105776
2024-09-16 16:55:00,Gare Saint-Roch,Comedie Baudin,2991.0,1697,43.6045522,3.8800373,43.6086772,3.8812103
2024-09-16 16:53:27,Gare Saint-Roch,Gare Saint-Roch,0.0,16,43.6045522,3.8800373,43.6045522,3.8800373
2024-09-16 16:53:13,Fac de Lettres,Observatoire,3442.0,3061,43.6353331,3.8687709,43.61452665,3.871080728556718
2024-09-16 16:50:29,Boutonnet,Renouvier,2446.0,894,43.6198269,3.8681402,43.60358,3.8678865
2024-09-16 16:50:09,Pérols Etang de l'Or,Comédie,40.0,52906,43.55793215,3.9635798718239577,43.60918635,3.8815040936105776
2024-09-16 16:49:51,Pérols Etang de l'Or,Comédie,28.0,52980,43.55793215,3.9635798718239577,43.60918635,3.8815040936105776
2024-09-16 16:49:32,Boutonnet,Boutonnet,0.0,23,43.6198269,3.8681402,43.6198269,3.8681402
2024-09-16 16:49:07,Pérols Etang de l'Or,Comédie,22.0,53025,43.55793215,3.9635798718239577,43.60918635,3.8815040936105776
2024-09-16 16:48:28,Pérols Etang de l'Or,Pérols Etang de l'Or,0.0,17,43.55793215,3.9635798718239577,43.55793215,3.9635798718239577
2024-09-16 16:48:14,Pérols Etang de l'Or,Halles Castellane,14.0,53545,43.55793215,3.9635798718239577,43.61012445,3.876843401959306
2024-09-16 16:46:38,Pérols Etang de l'Or,Pérols Etang de l'Or,11459.0,9612,43.55793215,3.9635798718239577,43.55793215,3.9635798718239577
2024-09-16 16:46:36,Pérols Etang de l'Or,Pérols Etang de l'Or,10544.0,9615,43.55793215,3.9635798718239577,43.55793215,3.9635798718239577
2024-09-16 16:46:30,Comédie,Foch,1937.0,1232,43.60918635,3.8815040936105776,43.6109947,3.8733344
2024-09-16 16:45:49,Pérols Etang de l'Or,Halles Castellane,34.0,53754,43.55793215,3.9635798718239577,43.61012445,3.876843401959306
2024-09-16 16:45:22,Pérols Etang de l'Or,AtelierTAM,26.0,2625,43.55793215,3.9635798718239577,,
2024-09-16 16:45:00,Pérols Etang de l'Or,Halles Castellane,20.0,53843,43.55793215,3.9635798718239577,43.61012445,3.876843401959306
2024-09-16 16:44:15,Pérols Etang de l'Or,Halles Castellane,34.0,53784,43.55793215,3.9635798718239577,43.61012445,3.876843401959306
2024-09-16 16:43:52,Pérols Etang de l'Or,Halles Castellane,26.0,53874,43.55793215,3.9635798718239577,43.61012445,3.876843401959306
2024-09-16 16:41:48,Rondelet,Occitanie,4741.0,1457,43.6027363,3.8749844,43.634628,3.8484797
2024-09-16 16:38:44,Louis Blanc,Boutonnet,1674.0,787,43.6147274,3.8782032,43.6198269,3.8681402
2024-09-16 16:36:33,Faculté des sciences,Renouvier,3644.0,1468,43.632161999999994,3.864256104608797,43.60358,3.8678865
2024-09-16 16:35:22,Faculté des sciences,Renouvier,3424.0,1561,43.632161999999994,3.864256104608797,43.60358,3.8678865
2024-09-16 16:33:12,Rondelet,Rondelet,0.0,27,43.6027363,3.8749844,43.6027363,3.8749844
2024-09-16 16:32:00,Prés d'Arènes,Prés d'Arènes,10.0,30,43.5936317,3.8877518,43.5936317,3.8877518
2024-09-16 16:31:55,Saint-Guilhem - Courreau,Saint-Guilhem - Courreau,8596.0,3989,43.6089424,3.8727765,43.6089424,3.8727765
2024-09-16 16:31:08,Louis Blanc,Les Aubes,1631.0,635,43.6147274,3.8782032,43.6192157,3.8913335
2024-09-16 16:26:45,Nouveau Saint-Roch,Rondelet,398.0,322,43.5998216,3.8757614,43.6027363,3.8749844
2024-09-16 16:25:02,Gare Saint-Roch,Gare Saint-Roch,5243.0,150210,43.6045522,3.8800373,43.6045522,3.8800373
2024-09-16 16:24:42,Occitanie,Les Arceaux,3459.0,985,43.634628,3.8484797,43.6118401,3.8623604
2024-09-16 16:24:26,Gare Saint-Roch,Gare Saint-Roch,0.0,16,43.6045522,3.8800373,43.6045522,3.8800373
2024-09-16 16:22:18,Faculté des sciences,Boutonnet,3005.0,2490,43.632161999999994,3.864256104608797,43.6198269,3.8681402
2024-09-16 16:20:01,Faculté des sciences,Boutonnet,3011.0,2625,43.632161999999994,3.864256104608797,43.6198269,3.8681402
2024-09-16 16:18:03,Place Albert 1er - St Charles,Boutonnet,2693.0,1557,43.6164766,3.8741187,43.6198269,3.8681402
2024-09-16 16:17:56,Observatoire,Observatoire,7300.0,9286,43.61452665,3.871080728556718,43.61452665,3.871080728556718
2024-09-16 16:17:24,Faculté des sciences,Boutonnet,2979.0,2762,43.632161999999994,3.864256104608797,43.6198269,3.8681402
2024-09-16 16:10:09,Albert 1er - Cathédrale,Boutonnet,7371.0,9687,43.6148246,3.873733,43.6198269,3.8681402
2024-09-16 16:09:51,Gare Saint-Roch,Beaux-Arts,1660.0,472,43.6045522,3.8800373,43.6167043,3.8849862
2024-09-16 16:09:37,Pérols Etang de l'Or,Pérols Etang de l'Or,6650.0,5703,43.55793215,3.9635798718239577,43.55793215,3.9635798718239577
2024-09-16 16:09:21,Gare Saint-Roch,Beaux-Arts,1641.0,474,43.6045522,3.8800373,43.6167043,3.8849862
2024-09-16 16:07:26,Occitanie,Aiguelongue,3179.0,950,43.634628,3.8484797,43.6331438,3.8795261
2024-09-16 16:06:20,Occitanie,Occitanie,0.0,25,43.634628,3.8484797,43.634628,3.8484797
2024-09-16 16:06:18,Faculté des sciences,Les Aubes,5276.0,2482,43.632161999999994,3.864256104608797,43.6192157,3.8913335
2024-09-16 16:04:16,Pérols Etang de l'Or,Pérols Etang de l'Or,6134.0,8483,43.55793215,3.9635798718239577,43.55793215,3.9635798718239577
2024-09-16 16:02:50,Albert 1er - Cathédrale,Halles Castellane,1741.0,2449,43.6148246,3.873733,43.61012445,3.876843401959306
2024-09-16 16:02:36,Pérols Etang de l'Or,Pérols Etang de l'Or,0.0,23,43.55793215,3.9635798718239577,43.55793215,3.9635798718239577
2024-09-16 16:01:59,Pérols Etang de l'Or,Pérols Etang de l'Or,6332.0,8618,43.55793215,3.9635798718239577,43.55793215,3.9635798718239577
2024-09-16 16:01:32,Louis Blanc,Antigone centre,1680.0,493,43.6147274,3.8782032,43.6079184,3.8905276
2024-09-16 16:01:28,Pérols Etang de l'Or,Nombre d'Or,8723.0,2704,43.55793215,3.9635798718239577,43.6079002,3.8866534
2024-09-16 16:00:24,Pérols Etang de l'Or,Pérols Etang de l'Or,5721.0,9726,43.55793215,3.9635798718239577,43.55793215,3.9635798718239577
2024-09-16 16:00:05,Albert 1er - Cathédrale,Halles Castellane,1815.0,2604,43.6148246,3.873733,43.61012445,3.876843401959306
2024-09-16 15:58:13,Pérols Etang de l'Or,Pérols Etang de l'Or,4692.0,5875,43.55793215,3.9635798718239577,43.55793215,3.9635798718239577
2024-09-16 15:55:59,Pérols Etang de l'Or,Pérols Etang de l'Or,0.0,87,43.55793215,3.9635798718239577,43.55793215,3.9635798718239577
2024-09-16 15:55:50,Boutonnet,Corum,1578.0,374,43.6198269,3.8681402,43.6144479,3.8821386
2024-09-16 15:55:03,Pérols Etang de l'Or,Pérols Etang de l'Or,4698.0,6070,43.55793215,3.9635798718239577,43.55793215,3.9635798718239577
2024-09-16 15:51:38,Faculté des sciences,Fac de Lettres,2080.0,1217,43.632161999999994,3.864256104608797,43.6353331,3.8687709
2024-09-16 15:50:21,Faculté des sciences,Fac de Lettres,2084.0,1238,43.632161999999994,3.864256104608797,43.6353331,3.8687709
2024-09-16 15:49:00,Faculté des sciences,Père Soulas,3126.0,77686,43.632161999999994,3.864256104608797,43.6219699,3.855618
2024-09-16 15:48:03,Faculté des sciences,Fac de Lettres,2101.0,1367,43.632161999999994,3.864256104608797,43.6353331,3.8687709
2024-09-16 15:47:32,Jardin de la Lironde,Place Viala,6850.0,1942,43.6058517,3.9115715,43.6168167,3.8550842
2024-09-16 15:46:45,Jardin de la Lironde,Jardin de la Lironde,2.0,17,43.6058517,3.9115715,43.6058517,3.9115715
2024-09-16 15:45:30,Jardin de la Lironde,Jardin de la Lironde,0.0,19,43.6058517,3.9115715,43.6058517,3.9115715
2024-09-16 15:43:07,Pérols Etang de l'Or,Pérols Etang de l'Or,4529.0,9243,43.55793215,3.9635798718239577,43.55793215,3.9635798718239577
2024-09-16 15:43:07,Pérols Etang de l'Or,Pérols Etang de l'Or,4492.0,9227,43.55793215,3.9635798718239577,43.55793215,3.9635798718239577
2024-09-16 15:40:56,Place Viala,Renouvier,2007.0,529,43.6168167,3.8550842,43.60358,3.8678865
2024-09-16 15:39:53,Place Viala,Place Viala,0.0,16,43.6168167,3.8550842,43.6168167,3.8550842
2024-09-16 15:38:44,Antigone centre,Antigone centre,0.0,19,43.6079184,3.8905276,43.6079184,3.8905276
2024-09-16 15:38:06,Corum,Corum,5840.0,2552,43.6144479,3.8821386,43.6144479,3.8821386
2024-09-16 15:35:40,Nombre d'Or,Nombre d'Or,24875.0,16151,43.6079002,3.8866534,43.6079002,3.8866534
2024-09-16 15:32:43,Malbosc,Hôtel du Département,30.0,412,43.6346401,3.8332043,43.622820000000004,3.837632367928194
2024-09-16 15:31:55,Malbosc,Hôtel du Département,28.0,460,43.6346401,3.8332043,43.622820000000004,3.837632367928194
2024-09-16 15:31:33,Malbosc,Hôtel du Département,38.0,496,43.6346401,3.8332043,43.622820000000004,3.837632367928194
2024-09-16 15:29:51,Richter,Nombre d'Or,1386.0,669,43.6037969,3.8989223,43.6079002,3.8866534
2024-09-16 15:29:19,Plan Cabanes,Gare Saint-Roch,2436.0,2901,43.6085792,3.8689834,43.6045522,3.8800373
2024-09-16 15:16:38,Occitanie,Occitanie,3828.0,6857,43.634628,3.8484797,43.634628,3.8484797
2024-09-16 15:14:12,Nombre d'Or,Beaux-Arts,5256.0,3894,43.6079002,3.8866534,43.6167043,3.8849862
2024-09-16 15:13:03,Gare Saint-Roch,Comedie Baudin,24928.0,19890,43.6045522,3.8800373,43.6086772,3.8812103
2024-09-16 15:12:03,Gare Saint-Roch,Comedie Baudin,25000.0,19939,43.6045522,3.8800373,43.6086772,3.8812103
2024-09-16 15:09:08,Boutonnet,Place Albert 1er - St Charles,1384.0,816,43.6198269,3.8681402,43.6164766,3.8741187
2024-09-16 15:08:56,Rondelet,Gambetta,706.0,347,43.6027363,3.8749844,43.6040006,3.8713632
2024-09-16 15:08:44,Boutonnet,Place Albert 1er - St Charles,1400.0,860,43.6198269,3.8681402,43.6164766,3.8741187
2024-09-16 15:08:03,Rondelet,Rondelet,6.0,25,43.6027363,3.8749844,43.6027363,3.8749844
2024-09-16 15:04:09,Observatoire,Fac de Lettres,2668.0,978,43.61452665,3.871080728556718,43.6353331,3.8687709
2024-09-16 14:59:10,Comedie Baudin,Gare Saint-Roch,651.0,743,43.6086772,3.8812103,43.6045522,3.8800373
2024-09-16 14:58:17,Comedie Baudin,Gare Saint-Roch,665.0,792,43.6086772,3.8812103,43.6045522,3.8800373
2024-09-16 14:57:15,Comedie Baudin,Comedie Baudin,0.0,56,43.6086772,3.8812103,43.6086772,3.8812103
2024-09-16 14:57:06,Saint-Guilhem - Courreau,Saint-Guilhem - Courreau,3536.0,9400,43.6089424,3.8727765,43.6089424,3.8727765
2024-09-16 14:56:27,Comedie Baudin,Comedie Baudin,0.0,21,43.6086772,3.8812103,43.6086772,3.8812103
2024-09-16 14:55:34,Comedie Baudin,Comedie Baudin,0.0,16,43.6086772,3.8812103,43.6086772,3.8812103
2024-09-16 14:55:31,Boutonnet,Euromédecine,22.0,1930,43.6198269,3.8681402,43.6387944,3.8273524
2024-09-16 14:55:18,Boutonnet,Euromédecine,16.0,1943,43.6198269,3.8681402,43.6387944,3.8273524
2024-09-16 14:54:43,Boutonnet,Euromédecine,16.0,1998,43.6198269,3.8681402,43.6387944,3.8273524
2024-09-16 14:54:27,Boutonnet,Euromédecine,16.0,2012,43.6198269,3.8681402,43.6387944,3.8273524
2024-09-16 14:53:15,Boutonnet,Celleneuve,30.0,3211,43.6198269,3.8681402,43.6137045,3.8245262
2024-09-16 14:53:00,Boutonnet,Celleneuve,30.0,3228,43.6198269,3.8681402,43.6137045,3.8245262
2024-09-16 14:51:59,Albert 1er - Cathédrale,Fac de Lettres,1888.0,9507,43.6148246,3.873733,43.6353331,3.8687709
2024-09-16 14:47:25,Station SAV,Comédie,40.0,60219,,,43.60918635,3.8815040936105776
2024-09-16 14:43:00,Pérols Etang de l'Or,Pérols Etang de l'Or,5981.0,12602,43.55793215,3.9635798718239577,43.55793215,3.9635798718239577
2024-09-16 14:42:58,Médiathèque Emile Zola,Hôtel de Ville,32337.0,18300,43.6082468,3.8930561,43.5985194,3.8966318917219365
2024-09-16 14:41:08,Pérols Etang de l'Or,Pérols Etang de l'Or,6079.0,12734,43.55793215,3.9635798718239577,43.55793215,3.9635798718239577
2024-09-16 14:40:57,Les Aubes,Les Aubes,2268.0,6153,43.6192157,3.8913335,43.6192157,3.8913335
2024-09-16 14:36:56,Fac de Lettres,Saint-Guilhem - Courreau,2129.0,670,43.6353331,3.8687709,43.6089424,3.8727765
2024-09-16 14:33:40,Louis Blanc,Occitanie,3371.0,1273,43.6147274,3.8782032,43.634628,3.8484797
2024-09-16 14:32:38,Louis Blanc,Louis Blanc,0.0,15,43.6147274,3.8782032,43.6147274,3.8782032
2024-09-16 14:27:45,AtelierTAM,Comedie Baudin,28.0,61177,,,43.6086772,3.8812103
2024-09-16 14:25:50,Sud De France,Boutonnet,8147.0,3548,43.6092765,3.8895111,43.6198269,3.8681402
2024-09-16 14:25:35,Hôtel de Ville,Gambetta,38.0,755,43.5985194,3.8966318917219365,43.6040006,3.8713632
2024-09-16 14:24:01,Hôtel de Ville,Gambetta,38.0,848,43.5985194,3.8966318917219365,43.6040006,3.8713632
2024-09-16 14:23:47,Hôtel de Ville,Gambetta,38.0,900,43.5985194,3.8966318917219365,43.6040006,3.8713632
2024-09-16 14:22:26,Hôtel de Ville,Plan Cabanes,44.0,1115,43.5985194,3.8966318917219365,43.6085792,3.8689834
2024-09-16 14:22:08,Hôtel de Ville,Plan Cabanes,42.0,1134,43.5985194,3.8966318917219365,43.6085792,3.8689834
2024-09-16 14:20:32,Hôtel de Ville,Plan Cabanes,30.0,1280,43.5985194,3.8966318917219365,43.6085792,3.8689834
2024-09-16 14:20:16,Hôtel de Ville,Plan Cabanes,30.0,1299,43.5985194,3.8966318917219365,43.6085792,3.8689834
2024-09-16 14:19:38,Hôtel de Ville,Plan Cabanes,32.0,1402,43.5985194,3.8966318917219365,43.6085792,3.8689834
2024-09-16 14:19:26,Hôtel de Ville,Plan Cabanes,34.0,1413,43.5985194,3.8966318917219365,43.6085792,3.8689834
2024-09-16 14:16:55,Observatoire,Médiathèque Emile Zola,2105.0,1514,43.61452665,3.871080728556718,43.6082468,3.8930561
2024-09-16 14:15:17,Observatoire,Hôtel de Ville,37043.0,19851,43.61452665,3.871080728556718,43.5985194,3.8966318917219365
2024-09-16 14:13:54,Port Marianne,Port Marianne,28665.0,16236,43.6059165,3.9168169,43.6059165,3.9168169
2024-09-16 14:12:33,Port Marianne,Port Marianne,0.0,19,43.6059165,3.9168169,43.6059165,3.9168169
2024-09-16 14:09:14,Pérols Etang de l'Or,Pérols Etang de l'Or,23146.0,16583,43.55793215,3.9635798718239577,43.55793215,3.9635798718239577
2024-09-16 14:08:01,Pérols Etang de l'Or,Pérols Etang de l'Or,7731.0,16680,43.55793215,3.9635798718239577,43.55793215,3.9635798718239577
2024-09-16 14:08:00,Pérols Etang de l'Or,Pérols Etang de l'Or,7812.0,16686,43.55793215,3.9635798718239577,43.55793215,3.9635798718239577
2024-09-16 14:07:53,Hôtel de Ville,Hôtel de Ville,2905.0,12129,43.5985194,3.8966318917219365,43.5985194,3.8966318917219365
2024-09-16 14:07:31,Fac de Lettres,Louis Blanc,1988.0,672,43.6353331,3.8687709,43.6147274,3.8782032
2024-09-16 14:06:24,Fac de Lettres,Place Albert 1er - St Charles,1366.0,488,43.6353331,3.8687709,43.6164766,3.8741187
2024-09-16 14:04:52,Rondelet,Port Marianne,4100.0,3885,43.6027363,3.8749844,43.6059165,3.9168169
2024-09-16 14:04:13,Faculté des sciences,Louis Blanc,2595.0,785,43.632161999999994,3.864256104608797,43.6147274,3.8782032
2024-09-16 14:04:08,Rondelet,Rondelet,0.0,21,43.6027363,3.8749844,43.6027363,3.8749844
2024-09-16 14:02:38,Rondelet,Port Marianne,4451.0,4070,43.6027363,3.8749844,43.6059165,3.9168169
2024-09-16 14:02:13,Rondelet,Rondelet,10.0,89,43.6027363,3.8749844,43.6027363,3.8749844
2024-09-16 14:01:57,Fac de Lettres,Gare Saint-Roch,3013.0,871,43.6353331,3.8687709,43.6045522,3.8800373
2024-09-16 14:01:14,Occitanie,Emile Combes,3622.0,889,43.634628,3.8484797,43.6167422,3.8799722
2024-09-16 13:58:46,Vert Bois,Halles Castellane,8888.0,3425,43.6354897,3.8717792916498994,43.61012445,3.876843401959306
2024-09-16 13:56:25,Place Viala,Place Viala,1159.0,1196,43.6168167,3.8550842,43.6168167,3.8550842
2024-09-16 13:54:27,Fac de Lettres,Place Albert 1er - St Charles,1709.0,467,43.6353331,3.8687709,43.6164766,3.8741187
2024-09-16 13:53:20,Pérols Etang de l'Or,Pérols Etang de l'Or,9209.0,8478,43.55793215,3.9635798718239577,43.55793215,3.9635798718239577
2024-09-16 13:49:10,Antigone centre,Place Albert 1er - St Charles,2425.0,1139,43.6079184,3.8905276,43.6164766,3.8741187
2024-09-16 13:40:36,Saint-Guilhem - Courreau,Fac de Lettres,2562.0,918,43.6089424,3.8727765,43.6353331,3.8687709
2024-09-16 13:39:40,Pérols Etang de l'Or,Pérols Etang de l'Or,10934.0,19757,43.55793215,3.9635798718239577,43.55793215,3.9635798718239577
2024-09-16 13:38:24,Pérols Etang de l'Or,Pérols Etang de l'Or,11757.0,19834,43.55793215,3.9635798718239577,43.55793215,3.9635798718239577
2024-09-16 13:36:00,Prés d'Arènes,Saint-Guilhem - Courreau,3003.0,1575,43.5936317,3.8877518,43.6089424,3.8727765
2024-09-16 13:35:10,Voltaire,Nouveau Saint-Roch,1225.0,435,43.6037049,3.8892253,43.5998216,3.8757614
2024-09-16 13:32:51,Prés d'Arènes,Prés d'Arènes,24.0,151,43.5936317,3.8877518,43.5936317,3.8877518
2024-09-16 13:31:37,Les Aubes,Corum,1263.0,503,43.6192157,3.8913335,43.6144479,3.8821386
2024-09-16 13:30:20,Père Soulas,Faculté des sciences,1359.0,381,43.6219699,3.855618,43.632161999999994,3.864256104608797
2024-09-16 13:29:07,Père Soulas,Père Soulas,55.0,57,43.6219699,3.855618,43.6219699,3.855618
2024-09-16 13:28:27,Celleneuve,Albert 1er - Cathédrale,3722.0,898,43.6137045,3.8245262,43.6148246,3.873733
2024-09-16 13:27:27,Comédie,Richter,2623.0,1782,43.60918635,3.8815040936105776,43.6037969,3.8989223
2024-09-16 13:27:06,Comédie,Comédie,0.0,20607,43.60918635,3.8815040936105776,43.60918635,3.8815040936105776
2024-09-16 13:26:19,Comédie,Comédie,26.0,81,43.60918635,3.8815040936105776,43.60918635,3.8815040936105776
2024-09-16 13:23:02,Boutonnet,Boutonnet,361.0,140,43.6198269,3.8681402,43.6198269,3.8681402
2024-09-16 13:17:27,Comédie,Port Marianne,25949.0,11475,43.60918635,3.8815040936105776,43.6059165,3.9168169
2024-09-16 13:12:49,Comédie,Comédie,4.0,103,43.60918635,3.8815040936105776,43.60918635,3.8815040936105776
2024-09-16 13:12:28,Comédie,Port Marianne,25529.0,11786,43.60918635,3.8815040936105776,43.6059165,3.9168169
2024-09-16 13:07:28,Faculté des sciences,Boutonnet,1288.0,347,43.632161999999994,3.864256104608797,43.6198269,3.8681402
2024-09-16 13:06:08,Foch,Place Albert 1er - St Charles,8243.0,4025,43.6109947,3.8733344,43.6164766,3.8741187
2024-09-16 13:05:47,Foch,Place Albert 1er - St Charles,7826.0,4038,43.6109947,3.8733344,43.6164766,3.8741187
2024-09-16 13:05:18,Rondelet,Halles Castellane,1417.0,638,43.6027363,3.8749844,43.61012445,3.876843401959306
2024-09-16 13:04:17,Rondelet,Rondelet,12.0,85,43.6027363,3.8749844,43.6027363,3.8749844
2024-09-16 12:59:18,Foch,Comédie,2454.0,1596,43.6109947,3.8733344,43.60918635,3.8815040936105776
2024-09-16 12:57:14,Celleneuve,Albert 1er - Cathédrale,3822.0,1058,43.6137045,3.8245262,43.6148246,3.873733
2024-09-16 12:55:27,Gare Saint-Roch,Observatoire,710.0,554,43.6045522,3.8800373,43.61452665,3.871080728556718
2024-09-16 12:54:21,Sud De France,Voltaire,3508.0,855,43.6092765,3.8895111,43.6037049,3.8892253
2024-09-16 12:46:23,Louis Blanc,Père Soulas,2097.0,547,43.6147274,3.8782032,43.6219699,3.855618
2024-09-16 12:44:33,AtelierTAM,AtelierTAM,18.0,5979,,,,
2024-09-16 12:41:28,Port Marianne,Port Marianne,4986.0,20082,43.6059165,3.9168169,43.6059165,3.9168169
2024-09-16 12:40:28,Port Marianne,Port Marianne,8.0,34,43.6059165,3.9168169,43.6059165,3.9168169
2024-09-16 12:40:26,Renouvier,Fac de Lettres,2915.0,954,43.60358,3.8678865,43.6353331,3.8687709
2024-09-16 12:33:54,Les Arceaux,Fac de Lettres,2664.0,888,43.6118401,3.8623604,43.6353331,3.8687709
2024-09-16 12:24:07,Père Soulas,Gare Saint-Roch,3401.0,927,43.6219699,3.855618,43.6045522,3.8800373
2024-09-16 12:23:39,Hôtel du Département,Fac de Lettres,3606.0,1519,43.622820000000004,3.837632367928194,43.6353331,3.8687709
2024-09-16 12:19:25,Plan Cabanes,Plan Cabanes,11525.0,9163,43.6085792,3.8689834,43.6085792,3.8689834
2024-09-16 12:18:46,Corum,Aiguelongue,1625.0,621,43.6144479,3.8821386,43.6331438,3.8795261
2024-09-16 12:16:18,Comédie,Faculté des sciences,4619.0,2887,43.60918635,3.8815040936105776,43.632161999999994,3.864256104608797
2024-09-16 12:13:06,Nombre d'Or,Saint-Guilhem - Courreau,1474.0,408,43.6079002,3.8866534,43.6089424,3.8727765
2024-09-16 12:12:48,Port Marianne,Port Marianne,21089.0,23233,43.6059165,3.9168169,43.6059165,3.9168169
2024-09-16 12:12:07,Port Marianne,Port Marianne,19713.0,23162,43.6059165,3.9168169,43.6059165,3.9168169
2024-09-16 12:06:34,Fac de Lettres,Louis Blanc,1729.0,508,43.6353331,3.8687709,43.6147274,3.8782032
2024-09-16 12:01:31,Faculté des sciences,Père Soulas,1378.0,341,43.632161999999994,3.864256104608797,43.6219699,3.855618
2024-09-16 12:00:08,Occitanie,Place Albert 1er - St Charles,3226.0,812,43.634628,3.8484797,43.6164766,3.8741187
2024-09-16 11:59:13,Plan Cabanes,Observatoire,873.0,2553,43.6085792,3.8689834,43.61452665,3.871080728556718
2024-09-16 11:58:49,Occitanie,Occitanie,14.0,51,43.634628,3.8484797,43.634628,3.8484797
2024-09-16 11:56:53,AtelierTAM,Comedie Baudin,36.0,70224,,,43.6086772,3.8812103
2024-09-16 11:55:09,AtelierTAM,Comedie Baudin,30.0,70312,,,43.6086772,3.8812103
2024-09-16 11:54:43,Antigone centre,Nombre d'Or,310.0,105,43.6079184,3.8905276,43.6079002,3.8866534
2024-09-16 11:45:07,Occitanie,Occitanie,9493.0,6040,43.634628,3.8484797,43.634628,3.8484797
2024-09-16 11:44:51,Occitanie,Plan Cabanes,15286.0,11209,43.634628,3.8484797,43.6085792,3.8689834
2024-09-16 11:42:24,Fac de Lettres,Vert Bois,1000.0,332,43.6353331,3.8687709,43.6354897,3.8717792916498994
2024-09-16 11:41:47,Vert Bois,Aiguelongue,1572.0,312,43.6354897,3.8717792916498994,43.6331438,3.8795261
2024-09-16 11:41:05,AtelierTAM,AtelierTAM,55.0,822,,,,
2024-09-16 11:40:23,Fac de Lettres,Antigone centre,3722.0,1552,43.6353331,3.8687709,43.6079184,3.8905276
2024-09-16 11:35:24,Place Albert 1er - St Charles,Place Viala,1780.0,698,43.6164766,3.8741187,43.6168167,3.8550842
2024-09-16 11:34:58,Louis Blanc,Fac de Lettres,1664.0,572,43.6147274,3.8782032,43.6353331,3.8687709
2024-09-16 11:33:55,Place Albert 1er - St Charles,Place Albert 1er - St Charles,0.0,65,43.6164766,3.8741187,43.6164766,3.8741187
2024-09-16 11:32:29,Place Albert 1er - St Charles,Place Albert 1er - St Charles,0.0,48,43.6164766,3.8741187,43.6164766,3.8741187
2024-09-16 11:27:45,Observatoire,Place Viala,2348.0,765,43.61452665,3.871080728556718,43.6168167,3.8550842
2024-09-16 11:27:34,AtelierTAM,Comedie Baudin,30.0,71955,,,43.6086772,3.8812103
2024-09-16 11:25:42,Hôtel du Département,Tonnelles,998.0,333,43.622820000000004,3.837632367928194,43.6138959,3.8382247999999874
2024-09-16 11:18:32,Saint-Guilhem - Courreau,Comédie,33545.0,22975,43.6089424,3.8727765,43.60918635,3.8815040936105776
2024-09-16 11:15:37,Comédie,Père Soulas,2779.0,844,43.60918635,3.8815040936105776,43.6219699,3.855618
2024-09-16 11:13:38,Comedie Baudin,Plan Cabanes,1266.0,501,43.6086772,3.8812103,43.6085792,3.8689834
2024-09-16 11:13:32,Comedie Baudin,Plan Cabanes,1261.0,506,43.6086772,3.8812103,43.6085792,3.8689834
2024-09-16 11:13:15,Fac de Lettres,Louis Blanc,1651.0,388,43.6353331,3.8687709,43.6147274,3.8782032
2024-09-16 11:08:15,Boutonnet,Gare Saint-Roch,2652.0,732,43.6198269,3.8681402,43.6045522,3.8800373
2024-09-16 11:07:40,Faculté des sciences,Hôtel du Département,3681.0,1133,43.632161999999994,3.864256104608797,43.622820000000004,3.837632367928194
2024-09-16 11:06:53,Boutonnet,Boutonnet,2.0,27,43.6198269,3.8681402,43.6198269,3.8681402
2024-09-16 11:02:51,Comédie,Pérols Etang de l'Or,10060.0,2174,43.60918635,3.8815040936105776,43.55793215,3.9635798718239577
2024-09-16 11:01:53,Aiguelongue,Faculté des sciences,2115.0,550,43.6331438,3.8795261,43.632161999999994,3.864256104608797
2024-09-16 10:59:43,Nombre d'Or,Antigone centre,4124.0,3704,43.6079002,3.8866534,43.6079184,3.8905276
2024-09-16 10:56:18,Pérols Etang de l'Or,Pérols Etang de l'Or,7612.0,14014,43.55793215,3.9635798718239577,43.55793215,3.9635798718239577
2024-09-16 10:54:55,Pérols Etang de l'Or,Pérols Etang de l'Or,7716.0,14178,43.55793215,3.9635798718239577,43.55793215,3.9635798718239577
2024-09-16 10:51:36,Vert Bois,Faculté des sciences,1188.0,346,43.6354897,3.8717792916498994,43.632161999999994,3.864256104608797
2024-09-16 10:45:29,Comédie,Gare Saint-Roch,40882.0,34910,43.60918635,3.8815040936105776,43.6045522,3.8800373
2024-09-16 10:44:18,Saint-Guilhem - Courreau,Richter,2493.0,647,43.6089424,3.8727765,43.6037969,3.8989223
2024-09-16 10:44:01,Observatoire,Observatoire,11155.0,6370,43.61452665,3.871080728556718,43.61452665,3.871080728556718
2024-09-16 10:43:58,Comédie,Comédie,0.0,23,43.60918635,3.8815040936105776,43.60918635,3.8815040936105776
2024-09-16 10:43:30,Comedie Baudin,Comedie Baudin,716.0,354,43.6086772,3.8812103,43.6086772,3.8812103
2024-09-16 10:38:25,Faculté des sciences,Aiguelongue,2148.0,498,43.632161999999994,3.864256104608797,43.6331438,3.8795261
2024-09-16 10:34:02,Occitanie,Gare Saint-Roch,4780.0,1336,43.634628,3.8484797,43.6045522,3.8800373
2024-09-16 10:31:30,Emile Combes,Fac de Lettres,1474.0,688,43.6167422,3.8799722,43.6353331,3.8687709
2024-09-16 10:31:01,Occitanie,Occitanie,6.0,126,43.634628,3.8484797,43.634628,3.8484797
2024-09-16 10:30:22,Les Aubes,Les Aubes,2650.0,1935,43.6192157,3.8913335,43.6192157,3.8913335
2024-09-16 10:26:51,Faculté des sciences,AtelierTAM,46.0,2701,43.632161999999994,3.864256104608797,,
2024-09-16 10:25:28,Antigone centre,Nombre d'Or,2195.0,4531,43.6079184,3.8905276,43.6079002,3.8866534
2024-09-16 10:25:05,Faculté des sciences,AtelierTAM,36.0,2790,43.632161999999994,3.864256104608797,,
2024-09-16 10:24:17,Faculté des sciences,Vert Bois,46.0,666,43.632161999999994,3.864256104608797,43.6354897,3.8717792916498994
2024-09-16 10:22:57,Faculté des sciences,Vert Bois,26.0,747,43.632161999999994,3.864256104608797,43.6354897,3.8717792916498994
2024-09-16 10:22:18,Faculté des sciences,Vert Bois,28.0,831,43.632161999999994,3.864256104608797,43.6354897,3.8717792916498994
2024-09-16 10:21:39,Faculté des sciences,Vert Bois,26.0,867,43.632161999999994,3.864256104608797,43.6354897,3.8717792916498994
2024-09-16 10:20:58,Faculté des sciences,Vert Bois,36.0,969,43.632161999999994,3.864256104608797,43.6354897,3.8717792916498994
2024-09-16 10:20:12,Faculté des sciences,Vert Bois,36.0,1016,43.632161999999994,3.864256104608797,43.6354897,3.8717792916498994
2024-09-16 10:19:29,Faculté des sciences,Vert Bois,40.0,1117,43.632161999999994,3.864256104608797,43.6354897,3.8717792916498994
2024-09-16 10:18:04,Faculté des sciences,Vert Bois,34.0,1200,43.632161999999994,3.864256104608797,43.6354897,3.8717792916498994
2024-09-16 10:17:35,Comedie Baudin,Jardin de la Lironde,4794.0,10116,43.6086772,3.8812103,43.6058517,3.9115715
2024-09-16 10:10:53,Marie Caizergues,Fac de Lettres,945.0,327,43.6212064,3.8753901,43.6353331,3.8687709
2024-09-16 10:00:08,Providence - Ovalie,Médiathèque Emile Zola,4625.0,1345,43.5882994,3.8534561,43.6082468,3.8930561
2024-09-16 09:57:47,Comédie,Fac de Lettres,3634.0,1488,43.60918635,3.8815040936105776,43.6353331,3.8687709
2024-09-16 09:55:06,Place Albert 1er - St Charles,Place Albert 1er - St Charles,35512.0,10576,43.6164766,3.8741187,43.6164766,3.8741187
2024-09-16 09:54:15,Pérols Etang de l'Or,Pérols Etang de l'Or,5407.0,8485,43.55793215,3.9635798718239577,43.55793215,3.9635798718239577
2024-09-16 09:53:10,Pérols Etang de l'Or,Pérols Etang de l'Or,5997.0,8552,43.55793215,3.9635798718239577,43.55793215,3.9635798718239577
2024-09-16 09:51:29,Albert 1er - Cathédrale,Fac de Lettres,1880.0,507,43.6148246,3.873733,43.6353331,3.8687709
2024-09-16 09:43:08,Occitanie,Boutonnet,11647.0,6486,43.634628,3.8484797,43.6198269,3.8681402
2024-09-16 09:42:43,Sabines,Pérols Etang de l'Or,9895.0,2539,43.5840624,3.8600063,43.55793215,3.9635798718239577
2024-09-16 09:40:26,Occitanie,Occitanie,2.0,98,43.634628,3.8484797,43.634628,3.8484797
2024-09-16 09:31:40,Père Soulas,Faculté des sciences,1733.0,681,43.6219699,3.855618,43.632161999999994,3.864256104608797
2024-09-16 09:29:53,Père Soulas,Père Soulas,38.0,74,43.6219699,3.855618,43.6219699,3.855618
2024-09-16 09:22:21,Père Soulas,Occitanie,2519.0,19988,43.6219699,3.855618,43.634628,3.8484797
2024-09-16 09:18:36,Antigone centre,Louis Blanc,1654.0,504,43.6079184,3.8905276,43.6147274,3.8782032
2024-09-16 09:17:21,Louis Blanc,Les Aubes,1582.0,509,43.6147274,3.8782032,43.6192157,3.8913335
2024-09-16 09:16:06,Fac de Lettres,Emile Combes,1598.0,539,43.6353331,3.8687709,43.6167422,3.8799722
2024-09-16 09:14:47,Les Aubes,Comédie,2097.0,735,43.6192157,3.8913335,43.60918635,3.8815040936105776
2024-09-16 09:14:36,Louis Blanc,Louis Blanc,8.0,115,43.6147274,3.8782032,43.6147274,3.8782032
2024-09-16 09:12:55,Beaux-Arts,Fac de Lettres,2003.0,547,43.6167043,3.8849862,43.6353331,3.8687709
2024-09-16 09:11:58,Gambetta,Place Viala,1790.0,577,43.6040006,3.8713632,43.6168167,3.8550842
2024-09-16 09:10:55,Beaux-Arts,Beaux-Arts,0.0,25,43.6167043,3.8849862,43.6167043,3.8849862
2024-09-16 09:10:18,Nombre d'Or,Antigone centre,18.0,617,43.6079002,3.8866534,43.6079184,3.8905276
2024-09-16 09:09:30,Nombre d'Or,Antigone centre,22.0,694,43.6079002,3.8866534,43.6079184,3.8905276
2024-09-16 09:08:39,Nombre d'Or,Cité Mion,30.0,1237,43.6079002,3.8866534,43.6013494,3.8847633
2024-09-16 09:08:03,Gambetta,Gare Saint-Roch,843.0,204,43.6040006,3.8713632,43.6045522,3.8800373
2024-09-16 09:07:34,Nombre d'Or,Cité Mion,26.0,1344,43.6079002,3.8866534,43.6013494,3.8847633
2024-09-16 09:06:46,Providence - Ovalie,Providence - Ovalie,6826.0,3221,43.5882994,3.8534561,43.5882994,3.8534561
2024-09-16 09:06:00,Providence - Ovalie,Providence - Ovalie,6501.0,3270,43.5882994,3.8534561,43.5882994,3.8534561
2024-09-16 09:05:56,Providence - Ovalie,Providence - Ovalie,0.0,18,43.5882994,3.8534561,43.5882994,3.8534561
2024-09-16 09:04:38,Occitanie,Prés d'Arènes,6634.0,1923,43.634628,3.8484797,43.5936317,3.8877518
2024-09-16 09:02:14,Occitanie,Occitanie,6.0,103,43.634628,3.8484797,43.634628,3.8484797
2024-09-16 08:59:55,Voltaire,Cité Mion,36.0,1862,43.6037049,3.8892253,43.6013494,3.8847633
2024-09-16 08:59:08,Voltaire,Cité Mion,32.0,1908,43.6037049,3.8892253,43.6013494,3.8847633
2024-09-16 08:58:25,Voltaire,Nouveau Saint-Roch,51.0,2629,43.6037049,3.8892253,43.5998216,3.8757614
2024-09-16 08:57:41,Voltaire,Nouveau Saint-Roch,51.0,2673,43.6037049,3.8892253,43.5998216,3.8757614
2024-09-16 08:53:10,Plan Cabanes,Jean de Beins,1986.0,644,43.6085792,3.8689834,,
2024-09-16 08:51:42,Place Albert 1er - St Charles,Antigone centre,1862.0,565,43.6164766,3.8741187,43.6079184,3.8905276
2024-09-16 08:49:06,Pérols Etang de l'Or,Pérols Etang de l'Or,6773.0,20594,43.55793215,3.9635798718239577,43.55793215,3.9635798718239577
2024-09-16 08:47:03,Beaux-Arts,Port Marianne,6413.0,9456,43.6167043,3.8849862,43.6059165,3.9168169
2024-09-16 08:45:39,Aiguelongue,Richter,4159.0,1052,43.6331438,3.8795261,43.6037969,3.8989223
2024-09-16 08:44:21,Halles Castellane,Boutonnet,1976.0,775,43.61012445,3.876843401959306,43.6198269,3.8681402
2024-09-16 08:42:47,Corum,Beaux-Arts,447.0,174,43.6144479,3.8821386,43.6167043,3.8849862
2024-09-16 08:42:32,Occitanie,Gambetta,3628.0,979,43.634628,3.8484797,43.6040006,3.8713632
2024-09-16 08:41:35,Occitanie,Occitanie,6.0,33,43.634628,3.8484797,43.634628,3.8484797
2024-09-16 08:39:54,Occitanie,Richter,6005.0,1584,43.634628,3.8484797,43.6037969,3.8989223
2024-09-16 08:39:30,Corum,Gare Saint-Roch,22.0,638,43.6144479,3.8821386,43.6045522,3.8800373
2024-09-16 08:38:57,Occitanie,Occitanie,4.0,30,43.634628,3.8484797,43.634628,3.8484797
2024-09-16 08:38:32,Corum,Gare Saint-Roch,18.0,719,43.6144479,3.8821386,43.6045522,3.8800373
2024-09-16 08:38:00,Foch,Gare Saint-Roch,1039.0,267,43.6109947,3.8733344,43.6045522,3.8800373
2024-09-16 08:37:39,Corum,Gare Saint-Roch,16.0,788,43.6144479,3.8821386,43.6045522,3.8800373
2024-09-16 08:36:50,Corum,Gare Saint-Roch,28.0,863,43.6144479,3.8821386,43.6045522,3.8800373
2024-09-16 08:35:45,Corum,Nouveau Saint-Roch,44.0,4075,43.6144479,3.8821386,43.5998216,3.8757614
2024-09-16 08:35:12,Corum,Nouveau Saint-Roch,44.0,4107,43.6144479,3.8821386,43.5998216,3.8757614
2024-09-16 08:34:31,Corum,Fac de Lettres,22.0,5630,43.6144479,3.8821386,43.6353331,3.8687709
2024-09-16 08:33:48,Albert 1er - Cathédrale,Saint-Guilhem - Courreau,7067.0,45676,43.6148246,3.873733,43.6089424,3.8727765
2024-09-16 08:32:49,Plan Cabanes,Faculté des sciences,3344.0,1119,43.6085792,3.8689834,43.632161999999994,3.864256104608797
2024-09-16 08:32:37,Plan Cabanes,Faculté des sciences,3259.0,1121,43.6085792,3.8689834,43.632161999999994,3.864256104608797
2024-09-16 08:32:26,Plan Cabanes,Faculté des sciences,3085.0,1143,43.6085792,3.8689834,43.632161999999994,3.864256104608797
2024-09-16 08:32:19,Plan Cabanes,Faculté des sciences,3032.0,1135,43.6085792,3.8689834,43.632161999999994,3.864256104608797
2024-09-16 08:32:04,Hôtel du Département,Occitanie,2419.0,787,43.622820000000004,3.837632367928194,43.634628,3.8484797
2024-09-16 08:31:54,Plan Cabanes,Faculté des sciences,3273.0,1166,43.6085792,3.8689834,43.632161999999994,3.864256104608797
2024-09-16 08:31:47,Renouvier,Médiathèque Emile Zola,2679.0,731,43.60358,3.8678865,43.6082468,3.8930561
2024-09-16 08:31:10,Plan Cabanes,Renouvier,2.0,16,43.6085792,3.8689834,43.60358,3.8678865
2024-09-16 08:31:02,Plan Cabanes,Médiathèque Emile Zola,2393.0,566,43.6085792,3.8689834,43.6082468,3.8930561
2024-09-16 08:30:53,Place Viala,Place Viala,5388.0,35985,43.6168167,3.8550842,43.6168167,3.8550842
2024-09-16 08:30:07,Gare Saint-Roch,Observatoire,351.0,204,43.6045522,3.8800373,43.61452665,3.871080728556718
2024-09-16 08:29:40,Les Arceaux,Occitanie,3440.0,1112,43.6118401,3.8623604,43.634628,3.8484797
2024-09-16 08:29:32,Gare Saint-Roch,Gare Saint-Roch,0.0,15,43.6045522,3.8800373,43.6045522,3.8800373
2024-09-16 08:29:19,Malbosc,Hôtel du Département,1598.0,768,43.6346401,3.8332043,43.622820000000004,3.837632367928194
2024-09-16 08:27:16,Saint-Guilhem - Courreau,Garcia Lorca,3432.0,1063,43.6089424,3.8727765,43.5899503,3.8905217
2024-09-16 08:26:42,Saint-Guilhem - Courreau,Albert 1er - Cathédrale,575.0,442,43.6089424,3.8727765,43.6148246,3.873733
2024-09-16 08:25:44,Albert 1er - Cathédrale,Louis Blanc,451.0,205,43.6148246,3.873733,43.6147274,3.8782032
2024-09-16 08:24:15,Port Marianne,Port Marianne,8876.0,2771,43.6059165,3.9168169,43.6059165,3.9168169
2024-09-16 08:20:41,Corum,Richter,2419.0,696,43.6144479,3.8821386,43.6037969,3.8989223
2024-09-16 08:19:37,Saint-Guilhem - Courreau,Renouvier,1500.0,4293,43.6089424,3.8727765,43.60358,3.8678865
2024-09-16 08:19:00,Aiguelongue,Fac de Lettres,1098.0,307,43.6331438,3.8795261,43.6353331,3.8687709
2024-09-16 08:18:20,Gare Saint-Roch,Gare Saint-Roch,4574.0,2216,43.6045522,3.8800373,43.6045522,3.8800373
2024-09-16 08:16:56,Gare Saint-Roch,Gare Saint-Roch,28.0,50,43.6045522,3.8800373,43.6045522,3.8800373
2024-09-16 08:08:24,Boutonnet,Garcia Lorca,5178.0,1374,43.6198269,3.8681402,43.5899503,3.8905217
2024-09-16 08:06:46,Faculté des sciences,Sud De France,8059.0,2095,43.632161999999994,3.864256104608797,43.6092765,3.8895111
2024-09-16 08:02:03,Occitanie,Faculté des sciences,1686.0,560,43.634628,3.8484797,43.632161999999994,3.864256104608797
2024-09-16 08:01:58,Port Marianne,Foch,46.0,895,43.6059165,3.9168169,43.6109947,3.8733344
2024-09-16 08:01:00,Port Marianne,Foch,49.0,924,43.6059165,3.9168169,43.6109947,3.8733344
2024-09-16 07:59:01,Port Marianne,Foch,38.0,1115,43.6059165,3.9168169,43.6109947,3.8733344
2024-09-16 07:58:42,Port Marianne,Foch,44.0,1112,43.6059165,3.9168169,43.6109947,3.8733344
2024-09-16 07:57:13,Corum,Faculté des sciences,2981.0,1273,43.6144479,3.8821386,43.632161999999994,3.864256104608797
2024-09-16 07:56:29,Port Marianne,Foch,40.0,1316,43.6059165,3.9168169,43.6109947,3.8733344
2024-09-16 07:56:02,Port Marianne,Foch,40.0,1321,43.6059165,3.9168169,43.6109947,3.8733344
2024-09-16 07:54:43,Aiguelongue,Corum,1656.0,459,43.6331438,3.8795261,43.6144479,3.8821386
2024-09-16 07:49:45,Louis Blanc,Fac de Lettres,1692.0,646,43.6147274,3.8782032,43.6353331,3.8687709
2024-09-16 07:49:26,Louis Blanc,Louis Blanc,5443.0,10312,43.6147274,3.8782032,43.6147274,3.8782032
2024-09-16 07:46:17,Gare Saint-Roch,Faculté des sciences,3787.0,1029,43.6045522,3.8800373,43.632161999999994,3.864256104608797
2024-09-16 07:46:15,Richter,Albert 1er - Cathédrale,57.0,2245,43.6037969,3.8989223,43.6148246,3.873733
2024-09-16 07:45:59,Halles Castellane,Beaux-Arts,1419.0,777,43.61012445,3.876843401959306,43.6167043,3.8849862
2024-09-16 07:45:48,Richter,Albert 1er - Cathédrale,59.0,2302,43.6037969,3.8989223,43.6148246,3.873733
2024-09-16 07:44:11,Place Albert 1er - St Charles,Fac de Lettres,1437.0,565,43.6164766,3.8741187,43.6353331,3.8687709
2024-09-16 07:43:32,Richter,Albert 1er - Cathédrale,59.0,2478,43.6037969,3.8989223,43.6148246,3.873733
2024-09-16 07:43:18,Richter,Albert 1er - Cathédrale,55.0,2474,43.6037969,3.8989223,43.6148246,3.873733
2024-09-16 07:43:12,Place Albert 1er - St Charles,Place Albert 1er - St Charles,2.0,18,43.6164766,3.8741187,43.6164766,3.8741187
2024-09-16 07:43:10,Médiathèque Emile Zola,Nombre d'Or,563.0,163,43.6082468,3.8930561,43.6079002,3.8866534
2024-09-16 07:41:45,Vert Bois,Boutonnet,1674.0,378,43.6354897,3.8717792916498994,43.6198269,3.8681402
2024-09-16 07:40:34,Plan Cabanes,Place Albert 1er - St Charles,1572.0,355,43.6085792,3.8689834,43.6164766,3.8741187
2024-09-16 07:39:53,Richter,Albert 1er - Cathédrale,59.0,2734,43.6037969,3.8989223,43.6148246,3.873733
2024-09-16 07:39:35,Richter,Albert 1er - Cathédrale,65.0,2784,43.6037969,3.8989223,43.6148246,3.873733
2024-09-16 07:37:17,Richter,Vert Bois,69.0,10887,43.6037969,3.8989223,43.6354897,3.8717792916498994
2024-09-16 07:36:17,Richter,Fac de Lettres,61.0,9157,43.6037969,3.8989223,43.6353331,3.8687709
2024-09-16 07:33:47,Richter,Pérols Etang de l'Or,165.0,16099,43.6037969,3.8989223,43.55793215,3.9635798718239577
2024-09-16 07:33:27,Richter,Pérols Etang de l'Or,61.0,16121,43.6037969,3.8989223,43.55793215,3.9635798718239577
2024-09-16 07:31:59,Place Albert 1er - St Charles,Père Soulas,0.0,80785,43.6164766,3.8741187,43.6219699,3.855618
2024-09-16 07:23:02,Hôtel du Département,Occitanie,2530.0,547,43.622820000000004,3.837632367928194,43.634628,3.8484797
2024-09-16 07:21:15,Celleneuve,Rondelet,3826.0,752,43.6137045,3.8245262,43.6027363,3.8749844
2024-09-16 07:04:07,Occitanie,Gare Saint-Roch,4418.0,942,43.634628,3.8484797,43.6045522,3.8800373
2024-09-16 07:03:15,Occitanie,Occitanie,10.0,30,43.634628,3.8484797,43.634628,3.8484797
2024-09-16 07:00:11,Aiguelongue,Médiathèque Emile Zola,3105.0,766,43.6331438,3.8795261,43.6082468,3.8930561
2024-09-16 06:48:11,Jeu de Mail des Abbés,Gare Saint-Roch,1217.0,558,43.6197908,3.8839408,43.6045522,3.8800373
2024-09-16 06:16:49,Les Aubes,Gare Saint-Roch,2362.0,742,43.6192157,3.8913335,43.6045522,3.8800373
2024-09-16 06:15:24,Vert Bois,Faculté des sciences,1441.0,563,43.6354897,3.8717792916498994,43.632161999999994,3.864256104608797
2024-09-16 06:07:04,Port Marianne,Gare Saint-Roch,1643.0,399,43.6059165,3.9168169,43.6045522,3.8800373
2024-09-16 06:06:14,Port Marianne,Port Marianne,8.0,39,43.6059165,3.9168169,43.6059165,3.9168169
2024-09-16 05:55:48,Foch,Rondelet,1178.0,380,43.6109947,3.8733344,43.6027363,3.8749844
2024-09-16 05:13:37,Place Viala,Sud De France,7130.0,1744,43.6168167,3.8550842,43.6092765,3.8895111
2024-09-16 04:13:08,Boutonnet,Plan Cabanes,2160.0,522,43.6198269,3.8681402,43.6085792,3.8689834
2024-09-16 03:52:23,Garcia Lorca,Rondelet,4251.0,7038,43.5899503,3.8905217,43.6027363,3.8749844
2024-09-16 03:44:44,Prés d'Arènes,Rondelet,5646.0,7508,43.5936317,3.8877518,43.6027363,3.8749844
2024-09-16 03:29:41,Nouveau Saint-Roch,Prés d'Arènes,1478.0,866,43.5998216,3.8757614,43.5936317,3.8877518
2024-09-16 03:24:30,Saint-Denis,Rondelet,6675.0,8670,43.6055891,3.8739545,43.6027363,3.8749844
2024-09-16 03:23:45,Saint-Denis,Saint-Denis,0.0,19,43.6055891,3.8739545,43.6055891,3.8739545
2024-09-16 03:22:31,Saint-Denis,Garcia Lorca,3222.0,1806,43.6055891,3.8739545,43.5899503,3.8905217
2024-09-16 03:21:12,Halles Castellane,Tonnelles,3671.0,1253,43.61012445,3.876843401959306,43.6138959,3.8382247999999874
2024-09-16 02:44:35,Voltaire,Faculté des sciences,4414.0,1036,43.6037049,3.8892253,43.632161999999994,3.864256104608797
2024-09-16 02:43:36,Voltaire,Voltaire,0.0,24,43.6037049,3.8892253,43.6037049,3.8892253
2024-09-16 02:42:30,Voltaire,Voltaire,0.0,29,43.6037049,3.8892253,43.6037049,3.8892253
2024-09-16 02:36:50,Jardin de la Lironde,Richter,4602.0,6150,43.6058517,3.9115715,43.6037969,3.8989223
2024-09-16 02:06:22,Sud De France,Voltaire,9268.0,9472,43.6092765,3.8895111,43.6037049,3.8892253
2024-09-16 01:56:29,Sabines,Charles Flahault,5213.0,2390,43.5840624,3.8600063,43.6187686,3.8659891
2024-09-16 01:51:06,Sabines,Charles Flahault,5511.0,2714,43.5840624,3.8600063,43.6187686,3.8659891
2024-09-16 01:45:23,Halles Castellane,Boutonnet,1933.0,674,43.61012445,3.876843401959306,43.6198269,3.8681402
2024-09-16 01:44:55,Halles Castellane,Boutonnet,1927.0,781,43.61012445,3.876843401959306,43.6198269,3.8681402
2024-09-16 01:44:34,Garcia Lorca,Comédie,5825.0,3493,43.5899503,3.8905217,43.60918635,3.8815040936105776
2024-09-16 01:36:20,Médiathèque Emile Zola,Faculté des sciences,4800.0,1565,43.6082468,3.8930561,43.632161999999994,3.864256104608797
2024-09-16 01:35:31,Faculté des sciences,Louis Blanc,2487.0,558,43.632161999999994,3.864256104608797,43.6147274,3.8782032
2024-09-16 01:32:04,Faculté des sciences,Faculté des sciences,0.0,17,43.632161999999994,3.864256104608797,43.632161999999994,3.864256104608797
2024-09-16 01:30:38,Foch,Fac de Lettres,2019.0,713,43.6109947,3.8733344,43.6353331,3.8687709
2024-09-16 01:30:16,Nouveau Saint-Roch,Sud De France,4649.0,1852,43.5998216,3.8757614,43.6092765,3.8895111
2024-09-16 01:29:30,Nouveau Saint-Roch,Comedie Baudin,1376.0,1219,43.5998216,3.8757614,43.6086772,3.8812103
2024-09-16 01:14:25,Renouvier,Sud De France,6038.0,2805,43.60358,3.8678865,43.6092765,3.8895111
2024-09-16 01:13:18,Garcia Lorca,Port Marianne,1717.0,885,43.5899503,3.8905217,43.6059165,3.9168169
2024-09-16 01:05:59,Sabines,Celleneuve,5544.0,3003,43.5840624,3.8600063,43.6137045,3.8245262
2024-09-16 00:47:42,Voltaire,Boutonnet,3375.0,1573,43.6037049,3.8892253,43.6198269,3.8681402
2024-09-16 00:46:20,Comedie Baudin,Jardin de la Lironde,3900.0,3436,43.6086772,3.8812103,43.6058517,3.9115715
2024-09-16 00:40:43,Emile Combes,Halles Castellane,1108.0,497,43.6167422,3.8799722,43.61012445,3.876843401959306
2024-09-16 00:39:31,Emile Combes,Emile Combes,0.0,19,43.6167422,3.8799722,43.6167422,3.8799722
2024-09-16 00:39:18,Rondelet,Observatoire,563.0,222,43.6027363,3.8749844,43.61452665,3.871080728556718
2024-09-16 00:35:18,Emile Combes,Halles Castellane,1098.0,814,43.6167422,3.8799722,43.61012445,3.876843401959306
2024-09-16 00:33:47,Jardin de la Lironde,Voltaire,2628.0,867,43.6058517,3.9115715,43.6037049,3.8892253
2024-09-16 00:32:17,Jardin de la Lironde,Jardin de la Lironde,616.67,74,43.6058517,3.9115715,43.6058517,3.9115715
2024-09-16 00:31:28,Jardin de la Lironde,Jardin de la Lironde,0.0,54818,43.6058517,3.9115715,43.6058517,3.9115715
2024-09-16 00:30:46,Jardin de la Lironde,Jardin de la Lironde,0.0,18,43.6058517,3.9115715,43.6058517,3.9115715
2024-09-16 00:13:22,Comédie,Boutonnet,2409.0,1318,43.60918635,3.8815040936105776,43.6198269,3.8681402
2024-09-16 00:12:43,Comédie,Boutonnet,2709.0,1221,43.60918635,3.8815040936105776,43.6198269,3.8681402
2024-09-16 00:10:09,Gare Saint-Roch,Les Aubes,2354.0,566,43.6045522,3.8800373,43.6192157,3.8913335
2024-09-16 00:09:23,Gare Saint-Roch,Antigone centre,931.0,321,43.6045522,3.8800373,43.6079184,3.8905276
2024-09-16 00:02:05,Euromédecine,Occitanie,2585.0,987,43.6387944,3.8273524,43.634628,3.8484797
2024-09-16 00:02:01,Euromédecine,Louis Blanc,6867.0,2871,43.6387944,3.8273524,43.6147274,3.8782032
2024-09-16 00:02:00,Euromédecine,Louis Blanc,6916.0,2877,43.6387944,3.8273524,43.6147274,3.8782032
